{"time": {"year": 2024, "month": 11, "day": 3, "hour": 14, "minute": 22, "second": 43, "epoch": 1730672563.353259}, "electoral_votes": {"Harris": 235, "Trump": 287, "Tossup": 16}, "state_results": {"Alabama": -25.46, "Alaska": -15.621842165931191, "Arizona": -3.8766550266134203, "Arkansas": -17.866018732510863, "California": 29.16, "Colorado": 13.5, "Connecticut": 13.401040431753344, "Delaware": 18.97, "District of Columbia": 86.75, "Florida": -10.133036202546796, "Georgia": -4.697475964612879, "Hawaii": 29.46, "Idaho": -30.77, "Illinois": 16.99, "Indiana": -19.080568356455913, "Iowa": -12.516309522175753, "Kansas": -13.327252079633787, "Kentucky": -25.94, "Louisiana": -18.61, "Maine": 9.07, "ME-1": 23.09, "ME-2": -7.44, "Maryland": 24.02139397926982, "Massachusetts": 24.431471258088383, "Michigan": -4.503441802836651, "Minnesota": 1.8826723015493547, "Mississippi": -15.8487891090099, "Missouri": -22.604242578155667, "Montana": -11.774573071369613, "Nebraska": -10.790651456196457, "NE-1": -10.80571505025776, "NE-2": -3.230417742888635, "NE-3": -48.12446308502444, "Nevada": -2.571956558448866, "New Hampshire": 4.758959737439261, "New Jersey": 15.94, "New Mexico": 7.951435506401855, "New York": 16.210736587587203, "North Carolina": -0.2898164156657508, "North Dakota": -33.34, "Ohio": -9.221320321684676, "Oklahoma": -33.09, "Oregon": 9.366581184751475, "Pennsylvania": -3.955736240142967, "Rhode Island": 20.77, "South Carolina": -11.68, "South Dakota": -20.328815159272832, "Tennessee": -21.204044525405084, "Texas": -12.024317549253695, "Utah": -15.910595911221765, "Vermont": 35.41, "Virginia": 8.185435468123444, "Washington": 19.2, "West Virginia": -29.969396473516337, "Wisconsin": 1.085783360711611, "Wyoming": -43.38, "National": -1.5263021172088296}}