{"time": {"year": 2024, "month": 10, "day": 23, "hour": 17, "minute": 9, "second": 50, "epoch": 1729728590.491053}, "electoral_votes": {"Harris": 222, "Trump": 316, "Tossup": 0}, "state_results": {"Alabama": -17.296290322867343, "Alaska": -18.019237968401022, "Arizona": -7.9025693095600875, "Arkansas": -23.203800467670906, "California": 28.858490658636093, "Colorado": 13.5, "Connecticut": 12.704594530154196, "Delaware": 18.97, "District of Columbia": 86.75, "Florida": -10.191486053842937, "Georgia": -8.600453650719263, "Hawaii": 29.46, "Idaho": -30.77, "Illinois": 16.99, "Indiana": -16.07, "Iowa": -8.2, "Kansas": -14.64, "Kentucky": -25.94, "Louisiana": -18.61, "Maine": 9.07, "ME-1": 28.92128904530103, "ME-2": -7.44, "Maryland": 29.795855284115596, "Massachusetts": 33.46, "Michigan": -1.8881118127586216, "Minnesota": 9.285155201706509, "Mississippi": -20.887129822649936, "Missouri": -15.39, "Montana": -16.37, "Nebraska": -19.06, "NE-1": -7.045022718649593, "NE-2": 6.5, "NE-3": -53.02, "Nevada": -2.1791691555102846, "New Hampshire": -2.019183501490835, "New Jersey": 8.071253240112249, "New Mexico": 10.79, "New York": 23.13, "North Carolina": -5.400273240758851, "North Dakota": -33.34, "Ohio": -15.574406307921862, "Oklahoma": -33.09, "Oregon": 8.071253240112249, "Pennsylvania": -3.055686817061465, "Rhode Island": 16.415215794444567, "South Carolina": -11.68, "South Dakota": -26.16, "Tennessee": -23.21, "Texas": -15.101364132258528, "Utah": -20.48, "Vermont": 40.50464227040561, "Virginia": 10.11, "Washington": 12.915233674054939, "West Virginia": -37.10382433779676, "Wisconsin": -2.8793416410744825, "Wyoming": -43.38, "National": -2.298352527813045}}