{"time": {"year": 2024, "month": 10, "day": 27, "hour": 14, "minute": 1, "second": 10, "epoch": 1730062870.685661}, "electoral_votes": {"Harris": 240, "Trump": 291, "Tossup": 7}, "state_results": {"Alabama": -15.527576761522734, "Alaska": -3.08361829076519, "Arizona": -6.600261762586921, "Arkansas": -21.09026787597203, "California": 33.10080193595959, "Colorado": 13.5, "Connecticut": 12.722168309896205, "Delaware": 18.97, "District of Columbia": 86.75, "Florida": -7.924030600113852, "Georgia": -5.823987837955393, "Hawaii": 29.46, "Idaho": -30.77, "Illinois": 24.53301894595364, "Indiana": -16.07, "Iowa": -8.2, "Kansas": -14.64, "Kentucky": -25.94, "Louisiana": -18.61, "Maine": 9.07, "ME-1": 18.106862763406046, "ME-2": -13.022664787539433, "Maryland": 28.153653302579976, "Massachusetts": 33.46, "Michigan": 1.4837579049662493, "Minnesota": 7.11, "Mississippi": -18.90882038010948, "Missouri": -17.54692029505728, "Montana": -24.222790840374017, "Nebraska": -22.088200710577908, "NE-1": -14.92, "NE-2": 0.28135910508365924, "NE-3": -53.02, "Nevada": -0.6735164511130449, "New Hampshire": 2.595177726736347, "New Jersey": 8.35927331817129, "New Mexico": 10.79, "New York": 23.13, "North Carolina": -5.699285169073828, "North Dakota": -33.34, "Ohio": -15.93372769423624, "Oklahoma": -33.09, "Oregon": 16.09, "Pennsylvania": -5.0940922048076285, "Rhode Island": 20.77, "South Carolina": -15.200359637143375, "South Dakota": -33.306373852801784, "Tennessee": -23.21, "Texas": -6.9560410266191335, "Utah": -20.48, "Vermont": 38.89953826024582, "Virginia": 10.11, "Washington": 18.175787049552316, "West Virginia": -34.17895285114671, "Wisconsin": -3.4992564237548964, "Wyoming": -43.38, "National": -2.340253844746524}}