{"time": {"year": 2024, "month": 10, "day": 27, "hour": 14, "minute": 0, "second": 59, "epoch": 1730062859.610579}, "electoral_votes": {"Harris": 240, "Trump": 297, "Tossup": 1}, "state_results": {"Alabama": -15.527576761523264, "Alaska": -3.083618290597461, "Arizona": -5.63714360830085, "Arkansas": -21.090267875972764, "California": 36.5200128656443, "Colorado": 13.5, "Connecticut": 12.722168309896873, "Delaware": 18.97, "District of Columbia": 86.75, "Florida": -3.36, "Georgia": -6.009325302884954, "Hawaii": 29.46, "Idaho": -30.77, "Illinois": 12.28587881072433, "Indiana": -16.07, "Iowa": -8.2, "Kansas": -14.64, "Kentucky": -25.94, "Louisiana": -18.61, "Maine": 9.07, "ME-1": 16.837816732062624, "ME-2": -7.44, "Maryland": 28.153653302575307, "Massachusetts": 33.46, "Michigan": 2.059770550176923, "Minnesota": 4.7867174832813495, "Mississippi": -18.908820380110207, "Missouri": -17.546920295058023, "Montana": -24.222790840405093, "Nebraska": -19.917128604855087, "NE-1": -14.92, "NE-2": 0.2813591050686126, "NE-3": -53.02, "Nevada": -1.052997014992866, "New Hampshire": 7.35, "New Jersey": 15.94, "New Mexico": 10.79, "New York": 23.13, "North Carolina": -5.015891828576708, "North Dakota": -33.34, "Ohio": -17.705512131372124, "Oklahoma": -33.09, "Oregon": 16.09, "Pennsylvania": -2.0816419931699803, "Rhode Island": 20.77, "South Carolina": -15.200359637143904, "South Dakota": -33.306373852803134, "Tennessee": -23.21, "Texas": -14.15915953823643, "Utah": -20.48, "Vermont": 38.89953826024761, "Virginia": 10.11, "Washington": 18.175787049553268, "West Virginia": -34.178952851148075, "Wisconsin": -3.667365629661665, "Wyoming": -43.38, "National": -5.064357997709932}}