{"time": {"year": 2024, "month": 10, "day": 27, "hour": 14, "minute": 0, "second": 4, "epoch": 1730062804.969343}, "electoral_votes": {"Harris": 242, "Trump": 285, "Tossup": 11}, "state_results": {"Alabama": -24.245024114024506, "Alaska": -10.06, "Arizona": 0.31, "Arkansas": -33.06279154969359, "California": 29.16, "Colorado": 18.3223159381662, "Connecticut": 20.07, "Delaware": 18.97, "District of Columbia": 86.75, "Florida": -3.36, "Georgia": -7.604787388059473, "Hawaii": 19.84381306432088, "Idaho": -30.77, "Illinois": 19.84381306432088, "Indiana": -24.417921514723893, "Iowa": -8.2, "Kansas": -14.64, "Kentucky": -25.94, "Louisiana": -18.61, "Maine": 9.07, "ME-1": 23.09, "ME-2": 1.5166885901851517, "Maryland": 33.21, "Massachusetts": 33.46, "Michigan": -6.713315386224476, "Minnesota": -1.3355333561070308, "Mississippi": -16.55, "Missouri": -15.39, "Montana": -22.28496411644827, "Nebraska": -19.06, "NE-1": -14.92, "NE-2": 4.85170959388904, "NE-3": -53.02, "Nevada": 1.1125295179120842, "New Hampshire": 4.3728265881757915, "New Jersey": 15.94, "New Mexico": 4.5318118822516675, "New York": 13.932777930564953, "North Carolina": -1.35, "North Dakota": -33.34, "Ohio": -8.03, "Oklahoma": -34.96466295738689, "Oregon": 16.09, "Pennsylvania": 1.16, "Rhode Island": 20.77, "South Carolina": -11.68, "South Dakota": -26.16, "Tennessee": -23.21, "Texas": -5.58, "Utah": -20.48, "Vermont": 35.41, "Virginia": 10.11, "Washington": 29.18027270208814, "West Virginia": -38.93, "Wisconsin": -7.655979519532225, "Wyoming": -43.38, "National": -2.755340635925804}}