{"time": {"year": 2024, "month": 10, "day": 30, "hour": 12, "minute": 52, "second": 20, "epoch": 1730317940.794305}, "electoral_votes": {"Harris": 247, "Trump": 254, "Tossup": 37}, "state_results": {"Alabama": -25.46, "Alaska": -3.5524214555538953, "Arizona": 0.08684943600950756, "Arkansas": -27.62, "California": 23.95186980914794, "Colorado": 20.165487645016935, "Connecticut": 12.343850503989376, "Delaware": 18.97, "District of Columbia": 86.75, "Florida": -11.96930143334577, "Georgia": -0.3285977214083484, "Hawaii": 29.46, "Idaho": -30.77, "Illinois": 16.99, "Indiana": -19.620539376405723, "Iowa": -8.2, "Kansas": -12.826778302314196, "Kentucky": -25.94, "Louisiana": -18.61, "Maine": 9.07, "ME-1": 23.09, "ME-2": -15.135997627548367, "Maryland": 33.04481956674107, "Massachusetts": 33.46, "Michigan": 1.5226098626298175, "Minnesota": 0.1497548463899916, "Mississippi": -15.201365925550295, "Missouri": -22.1883573192993, "Montana": -24.925307989525148, "Nebraska": -19.06, "NE-1": -10.45219067907799, "NE-2": 6.146466576374292, "NE-3": -45.596087502973745, "Nevada": 3.2939530354379736, "New Hampshire": 7.35, "New Jersey": 15.94, "New Mexico": 10.79, "New York": 13.355971500872165, "North Carolina": -3.861446216792098, "North Dakota": -33.34, "Ohio": -5.710290091865513, "Oklahoma": -33.09, "Oregon": 8.544510306811457, "Pennsylvania": -1.4726959387696534, "Rhode Island": 15.603887547818562, "South Carolina": -11.68, "South Dakota": -32.4944616169882, "Tennessee": -16.739545210971723, "Texas": -11.176586265590679, "Utah": -26.157815306082522, "Vermont": 35.139891687057016, "Virginia": 1.0836140089034756, "Washington": 24.626973602934765, "West Virginia": -38.93, "Wisconsin": 2.0664815529662883, "Wyoming": -43.38, "National": -0.5186417489025485}}