{"time": {"year": 2024, "month": 10, "day": 31, "hour": 10, "minute": 35, "second": 44, "epoch": 1730396144.090011}, "electoral_votes": {"Harris": 241, "Trump": 282, "Tossup": 15}, "state_results": {"Alabama": -25.46, "Alaska": -15.318601272863802, "Arizona": -2.5454113548739175, "Arkansas": -17.680557126732527, "California": 29.16, "Colorado": 13.5, "Connecticut": 13.336076539011149, "Delaware": 18.97, "District of Columbia": 86.75, "Florida": -10.942104091451151, "Georgia": -4.087897225604449, "Hawaii": 29.46, "Idaho": -30.77, "Illinois": 16.99, "Indiana": -18.999371707987816, "Iowa": -8.2, "Kansas": -13.178142562350452, "Kentucky": -25.94, "Louisiana": -18.61, "Maine": 9.07, "ME-1": 23.09, "ME-2": -7.44, "Maryland": 41.88639835076338, "Massachusetts": 36.82523405169386, "Michigan": 0.13862497836206744, "Minnesota": 4.88786408172837, "Mississippi": -15.67948398700725, "Missouri": -14.557024722144822, "Montana": -11.643456591893635, "Nebraska": -23.655170611118958, "NE-1": -10.676801137693705, "NE-2": -2.929342083513777, "NE-3": -47.6966542226132, "Nevada": 1.8166697867388906, "New Hampshire": 1.9383375513948562, "New Jersey": 15.94, "New Mexico": 10.79, "New York": 16.065223933858473, "North Carolina": -2.0838321054002713, "North Dakota": -33.34, "Ohio": -11.329154066578123, "Oklahoma": -33.09, "Oregon": 9.333930259560457, "Pennsylvania": -1.693538569373061, "Rhode Island": 16.841341379189185, "South Carolina": -11.68, "South Dakota": -20.220480471506907, "Tennessee": -20.624715086357643, "Texas": -10.98497424363542, "Utah": -15.770875198155291, "Vermont": 37.34895421571601, "Virginia": 10.11, "Washington": 19.2, "West Virginia": -29.68699596508495, "Wisconsin": 1.5756395236095124, "Wyoming": -43.38, "National": -2.0939647470185285}}