{"time": {"year": 2024, "month": 11, "day": 1, "hour": 10, "minute": 53, "second": 4, "epoch": 1730483584.597933}, "electoral_votes": {"Harris": 235, "Trump": 282, "Tossup": 21}, "state_results": {"Alabama": -25.46, "Alaska": -15.318601272858508, "Arizona": -2.814174343340758, "Arkansas": -17.680557126734616, "California": 29.16, "Colorado": 13.5, "Connecticut": 13.336076539011469, "Delaware": 18.97, "District of Columbia": 86.75, "Florida": -10.942104091451963, "Georgia": -5.044361663539312, "Hawaii": 29.46, "Idaho": -30.77, "Illinois": 16.99, "Indiana": -18.999371707988022, "Iowa": -8.2, "Kansas": -13.178142562352196, "Kentucky": -25.94, "Louisiana": -18.61, "Maine": 11.544024013301875, "ME-1": 22.620306109084684, "ME-2": -7.44, "Maryland": 41.88639835075184, "Massachusetts": 36.82523405168367, "Michigan": -0.595806243781702, "Minnesota": 4.887864081726117, "Mississippi": -15.679483987009025, "Missouri": -14.557024722152438, "Montana": -11.643456591903625, "Nebraska": -10.570321092094545, "NE-1": -10.676801137695271, "NE-2": -2.9293420835082546, "NE-3": -47.69665422261833, "Nevada": 0.026426833064330246, "New Hampshire": 1.9383375513930767, "New Jersey": 15.94, "New Mexico": 8.121032463079874, "New York": 16.06522393385622, "North Carolina": -3.1491794470391294, "North Dakota": -33.34, "Ohio": -8.348245719430373, "Oklahoma": -33.09, "Oregon": 9.333930259560152, "Pennsylvania": -2.684036005802956, "Rhode Island": 16.841341379192077, "South Carolina": -11.68, "South Dakota": -20.220480471518496, "Tennessee": -20.62471508636217, "Texas": -10.984974243636959, "Utah": -15.77087519816023, "Vermont": 37.34895421571782, "Virginia": 4.57420447862756, "Washington": 19.2, "West Virginia": -29.686995965087547, "Wisconsin": 3.210151884266174, "Wyoming": -43.38, "National": -2.0665244814921633}}