{"time": {"year": 2024, "month": 10, "day": 27, "hour": 14, "minute": 0, "second": 41, "epoch": 1730062841.513357}, "electoral_votes": {"Harris": 266, "Trump": 235, "Tossup": 37}, "state_results": {"Alabama": -25.46, "Alaska": -1.493838424756817, "Arizona": -5.868528809903779, "Arkansas": -27.62, "California": 29.16, "Colorado": 13.5, "Connecticut": 20.07, "Delaware": 18.97, "District of Columbia": 86.75, "Florida": -11.68235168329316, "Georgia": 0.24, "Hawaii": 29.46, "Idaho": -30.77, "Illinois": 13.853692816457365, "Indiana": -16.07, "Iowa": -8.2, "Kansas": -14.64, "Kentucky": -25.94, "Louisiana": -18.61, "Maine": 13.853692816457365, "ME-1": 26.29763706609048, "ME-2": 1.409748566824247, "Maryland": 33.21, "Massachusetts": 33.46, "Michigan": 1.4219436596012183, "Minnesota": 0.672322027586143, "Mississippi": -17.256167807625427, "Missouri": -17.256167807625427, "Montana": -15.455344849007366, "Nebraska": -19.06, "NE-1": -14.92, "NE-2": 0.30360875796709097, "NE-3": -53.02, "Nevada": -5.424439780009392, "New Hampshire": 3.2477347664144367, "New Jersey": 15.94, "New Mexico": 3.8524525447154763, "New York": 23.13, "North Carolina": 1.148261093371247, "North Dakota": -33.34, "Ohio": -13.10818639108105, "Oklahoma": -33.09, "Oregon": 16.09, "Pennsylvania": 3.540868116324393, "Rhode Island": 20.77, "South Carolina": -10.619397541154433, "South Dakota": -26.16, "Tennessee": -23.21, "Texas": -11.24621009950682, "Utah": -20.48, "Vermont": 37.70458596158753, "Virginia": 10.11, "Washington": 19.2, "West Virginia": -38.93, "Wisconsin": -0.9141925000223758, "Wyoming": -43.38, "National": -4.6919299459713475}}