{"time": {"year": 2024, "month": 11, "day": 2, "hour": 16, "minute": 57, "second": 12, "epoch": 1730591832.10297}, "electoral_votes": {"Harris": 235, "Trump": 303, "Tossup": 0}, "state_results": {"Alabama": -25.46, "Alaska": -15.318601272858018, "Arizona": -2.900782189618291, "Arkansas": -17.680557126733998, "California": 29.16, "Colorado": 13.5, "Connecticut": 13.336076539010932, "Delaware": 18.97, "District of Columbia": 86.75, "Florida": -10.643300896810178, "Georgia": -5.426601452102844, "Hawaii": 29.46, "Idaho": -30.77, "Illinois": 16.99, "Indiana": -18.99937170798752, "Iowa": -12.8928311238542, "Kansas": -13.178142562351681, "Kentucky": -25.94, "Louisiana": -18.61, "Maine": 11.544024013301552, "ME-1": 22.62030610908415, "ME-2": -7.44, "Maryland": 33.21, "Massachusetts": 33.14201941637045, "Michigan": -1.7993079593785068, "Minnesota": 2.118955748563031, "Mississippi": -15.679483987008581, "Missouri": -22.22085150235514, "Montana": -11.64345659190359, "Nebraska": -10.57032109209442, "NE-1": -10.676801137694788, "NE-2": -2.9293420835081214, "NE-3": -47.696654222617134, "Nevada": -1.0106573752081058, "New Hampshire": 1.9383375513931673, "New Jersey": 15.94, "New Mexico": 8.121032463079867, "New York": 16.06522393385617, "North Carolina": -2.2532529746556835, "North Dakota": -33.34, "Ohio": -8.71845493023186, "Oklahoma": -33.09, "Oregon": 9.333930259560098, "Pennsylvania": -2.931489841159803, "Rhode Island": 16.84134137919179, "South Carolina": -11.68, "South Dakota": -20.22048047151798, "Tennessee": -20.624715086361213, "Texas": -10.98497424363672, "Utah": -15.770875198159338, "Vermont": 37.348954215716965, "Virginia": 8.424899279342853, "Washington": 19.2, "West Virginia": -29.686995965087146, "Wisconsin": 3.276746990738662, "Wyoming": -43.38, "National": -2.0702171545698933}}