{"time": {"year": 2024, "month": 10, "day": 23, "hour": 16, "minute": 21, "second": 32, "epoch": 1729725692.578481}, "electoral_votes": {"Harris": 212, "Trump": 301, "Tossup": 25}, "state_results": {"Alabama": -25.46, "Alaska": -10.06, "Arizona": -7.071223518446551, "Arkansas": -27.62, "California": 25.17219068010896, "Colorado": 13.5, "Connecticut": 20.07, "Delaware": 18.97, "District of Columbia": 86.75, "Florida": -11.251412389246076, "Georgia": -3.881472658708404, "Hawaii": 29.46, "Idaho": -30.77, "Illinois": 16.99, "Indiana": -16.07, "Iowa": -8.2, "Kansas": -14.64, "Kentucky": -25.94, "Louisiana": -18.61, "Maine": 9.07, "ME-1": 23.09, "ME-2": -7.44, "Maryland": 33.03565197787007, "Massachusetts": 33.46, "Michigan": 0.3802655995423727, "Minnesota": -1.3031305590341997, "Mississippi": -16.55, "Missouri": -15.39, "Montana": -16.37, "Nebraska": -19.06, "NE-1": -17.51203102436701, "NE-2": 6.5, "NE-3": -53.02, "Nevada": -5.820853165983866, "New Hampshire": -1.6680343981817227, "New Jersey": 23.018409669086843, "New Mexico": 1.1150685958572115, "New York": 28.89801179065806, "North Carolina": -6.683522339925915, "North Dakota": -24.017094166671694, "Ohio": -17.89634368478145, "Oklahoma": -33.09, "Oregon": 23.018409669086843, "Pennsylvania": -2.5110107213763584, "Rhode Island": 20.77, "South Carolina": -11.68, "South Dakota": -26.16, "Tennessee": -23.21, "Texas": -5.58, "Utah": -20.48, "Vermont": 35.41, "Virginia": 10.22903240922605, "Washington": 19.2, "West Virginia": -38.93, "Wisconsin": -0.6351689280869532, "Wyoming": -43.38, "National": -4.729359409957192}}