{"time": {"year": 2024, "month": 10, "day": 27, "hour": 13, "minute": 59, "second": 31, "epoch": 1730062771.890566}, "electoral_votes": {"Harris": 277, "Trump": 235, "Tossup": 26}, "state_results": {"Alabama": -23.962431439573827, "Alaska": -10.06, "Arizona": 0.31, "Arkansas": -32.66420118079995, "California": 29.16, "Colorado": 13.5, "Connecticut": 20.07, "Delaware": 18.97, "District of Columbia": 86.75, "Florida": -3.36, "Georgia": 2.9182978839243185, "Hawaii": 19.546417266556634, "Idaho": -30.77, "Illinois": 19.546417266556634, "Indiana": -16.07, "Iowa": -13.895678209527958, "Kansas": -14.64, "Kentucky": -25.94, "Louisiana": -18.61, "Maine": 9.07, "ME-1": 23.09, "ME-2": -7.44, "Maryland": 33.21, "Massachusetts": 33.46, "Michigan": 2.78, "Minnesota": 1.4269706357874723, "Mississippi": -16.55, "Missouri": -23.745047337896175, "Montana": -22.21551745878873, "Nebraska": -19.06, "NE-1": -14.92, "NE-2": -0.05393889066101121, "NE-3": -53.02, "Nevada": 1.4964798619034747, "New Hampshire": 0.9598780164469973, "New Jersey": 15.94, "New Mexico": 8.987141156327063, "New York": 29.86120342171064, "North Carolina": -8.730924754418023, "North Dakota": -33.34, "Ohio": -8.03, "Oklahoma": -34.54105347792714, "Oregon": 16.09, "Pennsylvania": 1.16, "Rhode Island": 20.77, "South Carolina": -11.68, "South Dakota": -26.16, "Tennessee": -23.21, "Texas": -5.58, "Utah": -20.48, "Vermont": 35.41, "Virginia": 10.11, "Washington": 28.760055816090144, "West Virginia": -38.93, "Wisconsin": 0.7796939087857231, "Wyoming": -43.38, "National": -3.5573719862640947}}