{"time": {"year": 2024, "month": 10, "day": 31, "hour": 14, "minute": 37, "second": 34, "epoch": 1730410654.607111}, "electoral_votes": {"Harris": 235, "Trump": 282, "Tossup": 21}, "state_results": {"Alabama": -25.46, "Alaska": -15.318601272863258, "Arizona": -3.25140915314922, "Arkansas": -17.680557126732534, "California": 29.16, "Colorado": 13.5, "Connecticut": 13.336076539011216, "Delaware": 18.97, "District of Columbia": 86.75, "Florida": -10.942104091451107, "Georgia": -5.044361663538934, "Hawaii": 29.46, "Idaho": -30.77, "Illinois": 16.99, "Indiana": -18.999371707987503, "Iowa": -8.2, "Kansas": -13.178142562350338, "Kentucky": -25.94, "Louisiana": -18.61, "Maine": 9.07, "ME-1": 23.09, "ME-2": -7.44, "Maryland": 41.88639835076251, "Massachusetts": 36.82523405169305, "Michigan": -0.06954312474813973, "Minnesota": 4.88786408172832, "Mississippi": -15.679483987007163, "Missouri": -14.557024722145275, "Montana": -11.643456591894097, "Nebraska": -23.655170611118347, "NE-1": -10.676801137693737, "NE-2": -2.9293420835133626, "NE-3": -47.69665422261394, "Nevada": 0.9015540569584641, "New Hampshire": 1.938337551394759, "New Jersey": 15.94, "New Mexico": 10.79, "New York": 16.065223933858338, "North Carolina": -3.149179447038497, "North Dakota": -33.34, "Ohio": -11.329154066577914, "Oklahoma": -33.09, "Oregon": 9.333930259560468, "Pennsylvania": -2.6359916983673175, "Rhode Island": 16.8413413791893, "South Carolina": -11.68, "South Dakota": -20.220480471507646, "Tennessee": -20.624715086357593, "Texas": -10.984974243635488, "Utah": -15.77087519815558, "Vermont": 37.34895421571572, "Virginia": 10.11, "Washington": 19.2, "West Virginia": -29.686995965085142, "Wisconsin": 2.5829837448712354, "Wyoming": -43.38, "National": -2.603710508067585}}