{"time": {"year": 2024, "month": 10, "day": 25, "hour": 18, "minute": 23, "second": 5, "epoch": 1729905785.968362}, "electoral_votes": {"Harris": 226, "Trump": 306, "Tossup": 6}, "state_results": {"Alabama": -17.296290322863584, "Alaska": -18.019237968398258, "Arizona": -7.688194750275104, "Arkansas": -23.203800467666458, "California": 28.548709936532966, "Colorado": 13.5, "Connecticut": 12.70459453015502, "Delaware": 18.97, "District of Columbia": 86.75, "Florida": -9.258875582546393, "Georgia": -4.7219175545751515, "Hawaii": 29.46, "Idaho": -30.77, "Illinois": 16.99, "Indiana": -16.07, "Iowa": -8.2, "Kansas": -14.64, "Kentucky": -25.94, "Louisiana": -18.61, "Maine": 9.07, "ME-1": 23.09, "ME-2": -7.44, "Maryland": 33.21, "Massachusetts": 33.46, "Michigan": -2.0088159936218384, "Minnesota": 9.285155201699684, "Mississippi": -20.887129822645566, "Missouri": -15.39, "Montana": -16.37, "Nebraska": -19.06, "NE-1": -14.92, "NE-2": 11.970298851694071, "NE-3": -53.02, "Nevada": 0.6063788173193512, "New Hampshire": 7.35, "New Jersey": 8.071253240113421, "New Mexico": 10.79, "New York": 23.13, "North Carolina": -7.161868104204616, "North Dakota": -33.34, "Ohio": -13.547383350297277, "Oklahoma": -33.09, "Oregon": 8.071253240113421, "Pennsylvania": -2.7344204019852203, "Rhode Island": 16.415215794444002, "South Carolina": -11.68, "South Dakota": -35.36632135402485, "Tennessee": -23.21, "Texas": -15.101364132253936, "Utah": -20.48, "Vermont": 40.504642270403195, "Virginia": 16.068164241484087, "Washington": 12.915233674050608, "West Virginia": -37.10382433779094, "Wisconsin": -1.7275360916310447, "Wyoming": -43.38, "National": -2.2237506415618356}}