{"time": {"year": 2024, "month": 10, "day": 27, "hour": 14, "minute": 0, "second": 14, "epoch": 1730062814.180361}, "electoral_votes": {"Harris": 237, "Trump": 300, "Tossup": 1}, "state_results": {"Alabama": -25.46, "Alaska": -11.404957092602109, "Arizona": 2.6944844066914597, "Arkansas": -27.62, "California": 29.918239346145622, "Colorado": 13.5, "Connecticut": 20.07, "Delaware": 18.97, "District of Columbia": 86.75, "Florida": -11.401127059462056, "Georgia": -2.0534332264958683, "Hawaii": 29.46, "Idaho": -30.77, "Illinois": 11.077564407905959, "Indiana": -11.493123843584499, "Iowa": -8.2, "Kansas": -14.64, "Kentucky": -25.94, "Louisiana": -18.61, "Maine": 12.311898921659353, "ME-1": 22.89190903954552, "ME-2": 1.731888803773201, "Maryland": 33.21, "Massachusetts": 33.46, "Michigan": -2.9553981016986963, "Minnesota": 1.7184484108240343, "Mississippi": -14.138126373056034, "Missouri": -12.504231577484015, "Montana": -12.934459622677648, "Nebraska": -17.664796412351418, "NE-1": -14.92, "NE-2": -0.09525972286161544, "NE-3": -53.02, "Nevada": -6.489338873541856, "New Hampshire": 3.067599843323497, "New Jersey": 15.94, "New Mexico": 5.143080471161161, "New York": 23.13, "North Carolina": -11.080138098183413, "North Dakota": -33.34, "Ohio": -13.180465238670003, "Oklahoma": -33.09, "Oregon": 16.09, "Pennsylvania": -1.636472421182039, "Rhode Island": 20.77, "South Carolina": -11.68, "South Dakota": -25.776137502730815, "Tennessee": -25.776137502730815, "Texas": -10.887402254911791, "Utah": -25.599804000766035, "Vermont": 32.590251647607836, "Virginia": 10.11, "Washington": 19.2, "West Virginia": -38.93, "Wisconsin": -5.5452048852625175, "Wyoming": -43.38, "National": -0.004773891789133344}}