{"time": {"year": 2024, "month": 10, "day": 27, "hour": 14, "minute": 0, "second": 50, "epoch": 1730062850.5392}, "electoral_votes": {"Harris": 232, "Trump": 296, "Tossup": 10}, "state_results": {"Alabama": -15.918926379672655, "Alaska": -10.06, "Arizona": -2.5308354530731068, "Arkansas": -21.410555543285685, "California": 21.592560649954013, "Colorado": 21.58634897647604, "Connecticut": 11.96993545122475, "Delaware": 24.69182543891414, "District of Columbia": 86.75, "Florida": -9.804618610795337, "Georgia": -8.27479294695317, "Hawaii": 29.46, "Idaho": -30.77, "Illinois": 11.539219438392326, "Indiana": -16.07, "Iowa": -9.565865190394877, "Kansas": -14.64, "Kentucky": -25.94, "Louisiana": -18.61, "Maine": 9.07, "ME-1": 28.92145161085468, "ME-2": -7.44, "Maryland": 23.76459525359412, "Massachusetts": 36.25811072162598, "Michigan": -1.4715060071559734, "Minnesota": 2.9029306048908294, "Mississippi": -19.256975479123703, "Missouri": -18.374756195284224, "Montana": -20.456072342005683, "Nebraska": -24.548550854973353, "NE-1": -14.92, "NE-2": 6.5, "NE-3": -53.02, "Nevada": 2.39, "New Hampshire": 3.4175993117095347, "New Jersey": 15.94, "New Mexico": 2.6346227680368424, "New York": 14.441868325392523, "North Carolina": -4.926455114680697, "North Dakota": -33.34, "Ohio": -13.920237231849494, "Oklahoma": -33.09, "Oregon": 16.09, "Pennsylvania": -3.917791257504096, "Rhode Island": 20.77, "South Carolina": -11.68, "South Dakota": -33.47060390259268, "Tennessee": -23.21, "Texas": -6.721064988925017, "Utah": -20.48, "Vermont": 37.81289622116835, "Virginia": 6.146234576144464, "Washington": 17.353885611629625, "West Virginia": -34.332035928257476, "Wisconsin": 0.23867359962882606, "Wyoming": -43.38, "National": -2.5329636766458767}}