{"time": {"year": 2024, "month": 11, "day": 1, "hour": 15, "minute": 37, "second": 39, "epoch": 1730500659.899654}, "electoral_votes": {"Harris": 235, "Trump": 297, "Tossup": 6}, "state_results": {"Alabama": -25.46, "Alaska": -15.318601272858377, "Arizona": -3.5084051114059482, "Arkansas": -17.68055712673453, "California": 29.16, "Colorado": 13.5, "Connecticut": 13.336076539011227, "Delaware": 18.97, "District of Columbia": 86.75, "Florida": -10.94210409145182, "Georgia": -5.280410390454924, "Hawaii": 29.46, "Idaho": -30.77, "Illinois": 16.99, "Indiana": -18.99937170798779, "Iowa": -8.2, "Kansas": -13.178142562352122, "Kentucky": -25.94, "Louisiana": -18.61, "Maine": 11.544024013301808, "ME-1": 22.62030610908467, "ME-2": -7.44, "Maryland": 41.88639835075143, "Massachusetts": 33.14201941637112, "Michigan": -1.799307959378581, "Minnesota": 4.887864081726085, "Mississippi": -15.679483987008894, "Missouri": -14.557024722152306, "Montana": -11.643456591903725, "Nebraska": -10.570321092094652, "NE-1": -10.676801137695065, "NE-2": -2.9293420835081854, "NE-3": -47.69665422261753, "Nevada": -0.7416925614572416, "New Hampshire": 1.9383375513931353, "New Jersey": 15.94, "New Mexico": 8.121032463079938, "New York": 16.065223933856313, "North Carolina": -2.2532529746558043, "North Dakota": -33.34, "Ohio": -8.348245719430206, "Oklahoma": -33.09, "Oregon": 9.333930259560127, "Pennsylvania": -2.7777951516481787, "Rhode Island": 16.841341379192098, "South Carolina": -11.68, "South Dakota": -20.220480471518176, "Tennessee": -20.62471508636183, "Texas": -10.98497424363693, "Utah": -15.770875198159967, "Vermont": 37.348954215717626, "Virginia": 7.532523824267984, "Washington": 19.2, "West Virginia": -29.68699596508782, "Wisconsin": 3.4323003645024137, "Wyoming": -37.69128852398948, "National": -2.1035684596195443}}