{"time": {"year": 2024, "month": 10, "day": 28, "hour": 11, "minute": 6, "second": 44, "epoch": 1730138804.053508}, "electoral_votes": {"Harris": 226, "Trump": 306, "Tossup": 6}, "state_results": {"Alabama": -17.296290322863833, "Alaska": -18.01923796839842, "Arizona": -7.9332975154883565, "Arkansas": -23.203800467666913, "California": 28.54870993653254, "Colorado": 13.5, "Connecticut": 12.704594530155475, "Delaware": 18.97, "District of Columbia": 86.75, "Florida": -13.162985879715137, "Georgia": -6.668709067392781, "Hawaii": 29.46, "Idaho": -30.77, "Illinois": 16.99, "Indiana": -16.07, "Iowa": -8.2, "Kansas": -14.64, "Kentucky": -25.94, "Louisiana": -18.61, "Maine": 9.07, "ME-1": 23.09, "ME-2": -7.44, "Maryland": 29.795855284116534, "Massachusetts": 33.46, "Michigan": -2.200206633385265, "Minnesota": 9.285155201698956, "Mississippi": -20.887129822646184, "Missouri": -15.39, "Montana": -16.37, "Nebraska": -19.06, "NE-1": -14.92, "NE-2": 11.970298851693574, "NE-3": -53.02, "Nevada": 0.7243718058646156, "New Hampshire": 7.35, "New Jersey": 8.071253240113649, "New Mexico": 10.79, "New York": 23.13, "North Carolina": -5.54762364091704, "North Dakota": -33.34, "Ohio": -8.03, "Oklahoma": -33.09, "Oregon": 8.071253240113649, "Pennsylvania": -3.259362130521941, "Rhode Island": 16.415215794443093, "South Carolina": -11.68, "South Dakota": -35.94548901528139, "Tennessee": -23.21, "Texas": -15.101364132254162, "Utah": -23.417427019339975, "Vermont": 40.504642270404446, "Virginia": 10.11, "Washington": 12.91523367405069, "West Virginia": -37.103824337792425, "Wisconsin": -2.2453426298679853, "Wyoming": -43.38, "National": -2.7764493345411587}}