{"time": {"year": 2024, "month": 10, "day": 29, "hour": 14, "minute": 23, "second": 27, "epoch": 1730237007.280151}, "electoral_votes": {"Harris": 247, "Trump": 264, "Tossup": 27}, "state_results": {"Alabama": -25.46, "Alaska": -3.5524214555296894, "Arizona": -0.734913890387157, "Arkansas": -27.62, "California": 25.61536514996071, "Colorado": 20.165487645070055, "Connecticut": 12.34385050398787, "Delaware": 18.97, "District of Columbia": 86.75, "Florida": -11.294871729873172, "Georgia": 0.5719284224239072, "Hawaii": 29.46, "Idaho": -30.77, "Illinois": 16.99, "Indiana": -19.620539376400284, "Iowa": -8.2, "Kansas": -12.826778302313183, "Kentucky": -25.94, "Louisiana": -18.61, "Maine": 9.07, "ME-1": 23.09, "ME-2": -15.135997627702164, "Maryland": 33.04481956672037, "Massachusetts": 30.691869663564137, "Michigan": 1.0718252417349907, "Minnesota": -1.1539023009842486, "Mississippi": -15.201365925549101, "Missouri": -22.18835731931745, "Montana": -24.92530798955098, "Nebraska": -19.713791401322638, "NE-1": -14.92, "NE-2": 3.154257687665768, "NE-3": -53.02, "Nevada": 3.2939530354395785, "New Hampshire": 7.35, "New Jersey": 7.621235976018112, "New Mexico": 10.79, "New York": 14.886785810610323, "North Carolina": -3.86144621679238, "North Dakota": -33.34, "Ohio": -6.264656989353909, "Oklahoma": -33.09, "Oregon": 8.544510306810295, "Pennsylvania": -1.9320068068465752, "Rhode Island": 15.603887547825867, "South Carolina": -11.68, "South Dakota": -32.49446161701509, "Tennessee": -16.739545210971162, "Texas": -8.382537972328606, "Utah": -26.157815306041055, "Vermont": 35.13989168705282, "Virginia": 1.083614008914246, "Washington": 19.2, "West Virginia": -38.93, "Wisconsin": 2.6186856743851648, "Wyoming": -43.38, "National": -0.9881486644213875}}