{"time": {"year": 2024, "month": 10, "day": 27, "hour": 14, "minute": 0, "second": 31, "epoch": 1730062831.837377}, "electoral_votes": {"Harris": 233, "Trump": 269, "Tossup": 36}, "state_results": {"Alabama": -25.46, "Alaska": -1.7609175894373321, "Arizona": 5.559876037451044, "Arkansas": -27.62, "California": 29.789903556334426, "Colorado": 13.5, "Connecticut": 20.07, "Delaware": 18.97, "District of Columbia": 86.75, "Florida": -11.53419791630804, "Georgia": -7.1606244506728896, "Hawaii": 29.46, "Idaho": -30.77, "Illinois": 12.206194467688368, "Indiana": -16.07, "Iowa": -8.2, "Kansas": -14.64, "Kentucky": -25.94, "Louisiana": -18.61, "Maine": 12.206194467688368, "ME-1": 22.681528510532633, "ME-2": 1.7308604248440926, "Maryland": 23.55447301410301, "Massachusetts": 33.46, "Michigan": 0.6976175392876476, "Minnesota": 0.8678244981799632, "Mississippi": -13.982140639422312, "Missouri": -12.083461600761225, "Montana": -12.336759018608376, "Nebraska": -19.06, "NE-1": -14.92, "NE-2": 0.43630653484789805, "NE-3": -53.02, "Nevada": 2.39, "New Hampshire": 3.0504639150571946, "New Jersey": 15.94, "New Mexico": 4.990445722483525, "New York": 23.13, "North Carolina": -5.864373464347917, "North Dakota": -33.34, "Ohio": -11.434343087597679, "Oklahoma": -33.09, "Oregon": 16.09, "Pennsylvania": -1.3656267453870765, "Rhode Island": 20.77, "South Carolina": -8.395295816572036, "South Dakota": -26.16, "Tennessee": -23.21, "Texas": -11.41542485279655, "Utah": -25.330419185836938, "Vermont": 32.28391804980656, "Virginia": 10.11, "Washington": 19.2, "West Virginia": -38.93, "Wisconsin": -0.22507879237978745, "Wyoming": -43.38, "National": -3.2700945300331057}}