{"time": {"year": 2024, "month": 10, "day": 21, "hour": 21, "minute": 52, "second": 44, "epoch": 1729572764.165034}, "electoral_votes": {"Harris": 212, "Trump": 301, "Tossup": 25}, "state_results": {"Alabama": -25.46, "Alaska": -10.06, "Arizona": -7.4634260762934534, "Arkansas": -27.62, "California": 25.17219068010896, "Colorado": 13.5, "Connecticut": 20.07, "Delaware": 18.97, "District of Columbia": 86.75, "Florida": -10.291693963921904, "Georgia": -5.543162975952282, "Hawaii": 29.46, "Idaho": -30.77, "Illinois": 16.99, "Indiana": -16.07, "Iowa": -8.2, "Kansas": -14.64, "Kentucky": -25.94, "Louisiana": -18.61, "Maine": 9.07, "ME-1": 23.09, "ME-2": -7.44, "Maryland": 33.30794847673181, "Massachusetts": 33.46, "Michigan": 0.402667534432684, "Minnesota": -1.3031305590342104, "Mississippi": -16.55, "Missouri": -15.39, "Montana": -16.37, "Nebraska": -19.06, "NE-1": -19.481527022586462, "NE-2": 6.5, "NE-3": -53.02, "Nevada": -5.8542954518410895, "New Hampshire": -1.668034398181737, "New Jersey": 23.018409669086907, "New Mexico": 1.1150685958571955, "New York": 23.13, "North Carolina": -7.241360741691454, "North Dakota": -24.01709416667165, "Ohio": -17.896343684781467, "Oklahoma": -33.09, "Oregon": 23.018409669086907, "Pennsylvania": -2.743358239854775, "Rhode Island": 20.77, "South Carolina": -11.68, "South Dakota": -26.16, "Tennessee": -23.21, "Texas": -14.496484205873875, "Utah": -20.48, "Vermont": 35.41, "Virginia": 10.229032409226122, "Washington": 19.2, "West Virginia": -38.93, "Wisconsin": -0.021546191424858918, "Wyoming": -43.38, "National": -4.638442361524229}}