{"time": {"year": 2024, "month": 10, "day": 23, "hour": 17, "minute": 5, "second": 9, "epoch": 1729728309.332306}, "electoral_votes": {"Harris": 242, "Trump": 277, "Tossup": 19}, "state_results": {"Alabama": -25.46, "Alaska": -10.06, "Arizona": -4.1695880364227484, "Arkansas": -27.62, "California": 29.16, "Colorado": 13.5, "Connecticut": 20.07, "Delaware": 18.97, "District of Columbia": 86.75, "Florida": -3.36, "Georgia": -7.743671451204487, "Hawaii": 29.46, "Idaho": -30.77, "Illinois": 16.99, "Indiana": -16.07, "Iowa": -8.2, "Kansas": -14.64, "Kentucky": -25.94, "Louisiana": -18.61, "Maine": 9.07, "ME-1": 23.09, "ME-2": -4.511449311165985, "Maryland": 33.21, "Massachusetts": 33.46, "Michigan": -1.8488591774286736, "Minnesota": 7.882801905409632, "Mississippi": -21.73778906572899, "Missouri": -15.39, "Montana": -16.37, "Nebraska": -19.06, "NE-1": -8.339524812179988, "NE-2": 6.5, "NE-3": -53.02, "Nevada": 11.495877639879549, "New Hampshire": 1.9482581485772696, "New Jersey": 15.94, "New Mexico": 3.465673415376873, "New York": 16.698403008064975, "North Carolina": -4.489490359109779, "North Dakota": -33.34, "Ohio": -8.03, "Oklahoma": -33.09, "Oregon": 16.09, "Pennsylvania": 0.6582081608335573, "Rhode Island": 20.77, "South Carolina": -11.68, "South Dakota": -26.16, "Tennessee": -23.21, "Texas": -5.58, "Utah": -20.48, "Vermont": 35.41, "Virginia": 10.11, "Washington": 19.2, "West Virginia": -38.93, "Wisconsin": 4.645194220450588, "Wyoming": -43.38, "National": 2.139509833162448}}