{"time": {"year": 2024, "month": 10, "day": 28, "hour": 11, "minute": 7, "second": 18, "epoch": 1730138838.357906}, "electoral_votes": {"Harris": 269, "Trump": 246, "Tossup": 23}, "state_results": {"Alabama": -25.46, "Alaska": -3.5524214555305025, "Arizona": -7.673465473986215, "Arkansas": -27.62, "California": 25.61536514996182, "Colorado": 20.165487645070538, "Connecticut": 12.343850503988268, "Delaware": 18.97, "District of Columbia": 86.75, "Florida": -6.675805174433373, "Georgia": 4.082471448923874, "Hawaii": 29.46, "Idaho": -30.77, "Illinois": 16.99, "Indiana": -16.07, "Iowa": -8.2, "Kansas": -14.64, "Kentucky": -25.94, "Louisiana": -18.61, "Maine": 9.07, "ME-1": 23.09, "ME-2": -15.135997627703993, "Maryland": 33.04481956672127, "Massachusetts": 30.69186966356492, "Michigan": 1.6145456841824348, "Minnesota": 5.7983900821582814, "Mississippi": -15.201365925550391, "Missouri": -22.188357319318918, "Montana": -22.749022160422342, "Nebraska": -19.713791401324123, "NE-1": -14.92, "NE-2": 3.154257687665732, "NE-3": -53.02, "Nevada": 4.798642145001402, "New Hampshire": 0.8035063609776119, "New Jersey": 13.489750357449669, "New Mexico": 10.79, "New York": 23.13, "North Carolina": -6.228899119198334, "North Dakota": -33.34, "Ohio": -9.040510794096045, "Oklahoma": -33.09, "Oregon": 8.544510306810498, "Pennsylvania": -0.07008418266460525, "Rhode Island": 15.603887547825803, "South Carolina": -11.68, "South Dakota": -32.494461617017095, "Tennessee": -23.21, "Texas": -5.58, "Utah": -26.157815306041986, "Vermont": 35.1398916870549, "Virginia": 10.11, "Washington": 19.2, "West Virginia": -38.93, "Wisconsin": 1.45182785789161, "Wyoming": -43.38, "National": -1.7529688259398417}}