{"time": {"year": 2024, "month": 10, "day": 27, "hour": 14, "minute": 1, "second": 18, "epoch": 1730062878.734688}, "electoral_votes": {"Harris": 215, "Trump": 322, "Tossup": 1}, "state_results": {"Alabama": -16.85377575597621, "Alaska": -15.75217644462446, "Arizona": -9.038387825588597, "Arkansas": -22.67917182909454, "California": 26.27632948473612, "Colorado": 13.5, "Connecticut": 12.730098419271481, "Delaware": 18.97, "District of Columbia": 86.75, "Florida": -4.65993066062683, "Georgia": -7.5456888356277805, "Hawaii": 29.46, "Idaho": -30.77, "Illinois": 16.99, "Indiana": -16.07, "Iowa": -8.2, "Kansas": -14.64, "Kentucky": -25.94, "Louisiana": -18.61, "Maine": 9.07, "ME-1": 23.09, "ME-2": -16.776216020033843, "Maryland": 33.21, "Massachusetts": 24.999941311616272, "Michigan": -1.9616658248510763, "Minnesota": -2.0252333934165287, "Mississippi": -20.39470278081277, "Missouri": -15.39, "Montana": -23.720517184500192, "Nebraska": -20.881039680741125, "NE-1": -14.92, "NE-2": 0.5885613101326168, "NE-3": -53.02, "Nevada": -1.7007069777919646, "New Hampshire": 1.113835404365208, "New Jersey": 8.161160322708088, "New Mexico": 8.073459045079277, "New York": 23.13, "North Carolina": -7.742688014226048, "North Dakota": -33.34, "Ohio": -17.257125988662054, "Oklahoma": -23.935629805649523, "Oregon": 16.09, "Pennsylvania": -4.383114107266863, "Rhode Island": 20.77, "South Carolina": -16.51110539873405, "South Dakota": -35.47219849947213, "Tennessee": -23.21, "Texas": -11.718559617418407, "Utah": -20.48, "Vermont": 40.14372699865147, "Virginia": 10.11, "Washington": 19.2, "West Virginia": -36.38598611878477, "Wisconsin": -1.878528651558684, "Wyoming": -43.38, "National": -2.7263579450557978}}