{"time": {"year": 2024, "month": 11, "day": 4, "hour": 9, "minute": 47, "second": 35, "epoch": 1730742455.830622}, "electoral_votes": {"Harris": 225, "Trump": 287, "Tossup": 26}, "state_results": {"Alabama": -25.46, "Alaska": -15.621842165932218, "Arizona": -3.15081153627458, "Arkansas": -17.86601873251079, "California": 29.16, "Colorado": 11.138649676947947, "Connecticut": 13.401040431752985, "Delaware": 18.97, "District of Columbia": 86.75, "Florida": -10.67895290281212, "Georgia": -4.744381622454656, "Hawaii": 29.46, "Idaho": -30.77, "Illinois": 16.99, "Indiana": -19.080568356456464, "Iowa": -8.2, "Kansas": -13.327252079633928, "Kentucky": -25.94, "Louisiana": -18.61, "Maine": 9.07, "ME-1": 23.09, "ME-2": -7.44, "Maryland": 24.021393979269103, "Massachusetts": 24.431471258087527, "Michigan": -5.029215644542045, "Minnesota": 3.3721007606326374, "Mississippi": -15.84878910901001, "Missouri": -21.571213538259503, "Montana": -11.774573071368721, "Nebraska": -10.790651456195292, "NE-1": -10.805715050257795, "NE-2": -3.23041774288959, "NE-3": -48.124463085024146, "Nevada": -2.62607646490597, "New Hampshire": 4.75895973743932, "New Jersey": 15.94, "New Mexico": 11.5284431842113, "New York": 23.13, "North Carolina": -0.2636881945764067, "North Dakota": -33.34, "Ohio": -11.537199619786724, "Oklahoma": -33.09, "Oregon": 9.366581184751151, "Pennsylvania": -3.4808435266603173, "Rhode Island": 20.77, "South Carolina": -11.68, "South Dakota": -20.328815159271667, "Tennessee": -21.204044525404743, "Texas": -12.024317549253903, "Utah": -15.910595911220936, "Vermont": 35.41, "Virginia": 3.9312942764620926, "Washington": 19.2, "West Virginia": -29.9693964735164, "Wisconsin": 0.21711824489466336, "Wyoming": -43.38, "National": -1.3212329698653753}}