{"time": {"year": 2024, "month": 10, "day": 24, "hour": 13, "minute": 59, "second": 27, "epoch": 1729803567.712459}, "electoral_votes": {"Harris": 222, "Trump": 310, "Tossup": 6}, "state_results": {"Alabama": -17.29629032286801, "Alaska": -18.019237968403026, "Arizona": -8.058385995383727, "Arkansas": -23.20380046767142, "California": 28.548709936537158, "Colorado": 13.5, "Connecticut": 12.704594530154765, "Delaware": 18.97, "District of Columbia": 86.75, "Florida": -10.191486053842508, "Georgia": -5.414258656151505, "Hawaii": 29.46, "Idaho": -30.77, "Illinois": 16.99, "Indiana": -16.07, "Iowa": -8.2, "Kansas": -14.64, "Kentucky": -25.94, "Louisiana": -18.61, "Maine": 9.07, "ME-1": 23.09, "ME-2": -7.44, "Maryland": 33.21, "Massachusetts": 33.46, "Michigan": -2.200206633388538, "Minnesota": 9.285155201707068, "Mississippi": -20.887129822650508, "Missouri": -15.39, "Montana": -16.37, "Nebraska": -19.06, "NE-1": -14.92, "NE-2": 11.970298851704076, "NE-3": -53.02, "Nevada": 0.7243718058643891, "New Hampshire": -2.0191835014912187, "New Jersey": 8.071253240112704, "New Mexico": 10.79, "New York": 23.13, "North Carolina": -7.197518823255831, "North Dakota": -33.34, "Ohio": -15.574406307923251, "Oklahoma": -33.09, "Oregon": 8.071253240112704, "Pennsylvania": -2.8200551046893803, "Rhode Island": 16.41521579444593, "South Carolina": -11.68, "South Dakota": -35.36632135403261, "Tennessee": -23.21, "Texas": -15.101364132258452, "Utah": -20.48, "Vermont": 40.50464227040729, "Virginia": 10.11, "Washington": 12.915233674054612, "West Virginia": -37.10382433779839, "Wisconsin": -1.6244626821516253, "Wyoming": -43.38, "National": -2.3089320345937194}}